{
    "resources": [
        {
            "name": "Component-preload.js",
            "merged": true
        },
        {
            "name": "controller/App.controller.js"
        },
        {
            "name": "model/models.js"
        },
        {
            "name": "controller/NewEmployee.controller.js"
        },
        {
            "name": "controller/Main.controller.js"
        },
        {
            "name": "controller/EmployeesList.controller.js"
        },
        {
            "name": "controller/EmployeeDetails.controller.js"
        },
        {
            "name": "manifest.json"
        },
        {
            "name": "Component.js"
        },
        {
            "name": "manifest-bundle.zip"
        },
        {
            "name": "i18n/i18n.properties",
            "raw": "i18n/i18n.properties"
        },
        {
            "name": "controller/EmployeesList-dbg.controller.js",
            "isDebug": true
        },
        {
            "name": "controller/NewEmployee-dbg.controller.js",
            "isDebug": true
        },
        {
            "name": "controller/Main-dbg.controller.js",
            "isDebug": true
        },
        {
            "name": "model/models-dbg.js",
            "isDebug": true
        },
        {
            "name": "controller/EmployeeDetails-dbg.controller.js",
            "isDebug": true
        },
        {
            "name": "controller/App-dbg.controller.js",
            "isDebug": true
        },
        {
            "name": "Component-dbg.js",
            "isDebug": true
        },
        {
            "name": "../../sap-ui-version.json"
        },
        {
            "name": "view/NewEmployee.view.xml"
        },
        {
            "name": "view/Main.view.xml"
        },
        {
            "name": "view/EmployeesList.view.xml"
        },
        {
            "name": "view/EmployeeDetails.view.xml"
        },
        {
            "name": "view/App.view.xml"
        },
        {
            "name": "fragment/TableEmployee.fragment.xml"
        },
        {
            "name": "fragment/DialogAddSalary.fragment.xml"
        },
        {
            "name": "css/style.css"
        },
        {
            "name": "index.html"
        }
    ]
}