{
  "controller/EmployeesList.controller.js": 1629693590775,
  "controller/App.controller.js": 1629392135292,
  "model/models.js": 1629390940423,
  "controller/NewEmployee.controller.js": 1629692705227,
  "controller/Main.controller.js": 1629772695420,
  "i18n/i18n.properties": 1629690790257,
  "controller/EmployeeDetails.controller.js": 1629692477846,
  "manifest.json": 1629774310277,
  "Component.js": 1629507794799,
  "manifest-bundle.zip": 1629774309631,
  "Component-preload.js": 1629774310182,
  "controller/EmployeesList-dbg.controller.js": 1629693590775,
  "controller/NewEmployee-dbg.controller.js": 1629692705227,
  "controller/Main-dbg.controller.js": 1629772695420,
  "model/models-dbg.js": 1629390940423,
  "controller/EmployeeDetails-dbg.controller.js": 1629692477846,
  "controller/App-dbg.controller.js": 1629392135292,
  "Component-dbg.js": 1629507794799,
  "resources.json": 1629774310280,
  "view/NewEmployee.view.xml": 1629625106099,
  "view/Main.view.xml": 1629773031549,
  "view/EmployeesList.view.xml": 1629618307561,
  "view/EmployeeDetails.view.xml": 1629771947012,
  "view/App.view.xml": 1629393514417,
  "fragment/TableEmployee.fragment.xml": 1629421782752,
  "fragment/DialogAddSalary.fragment.xml": 1629690339106,
  "css/style.css": 1629603561110,
  "index.html": 1629402037078
}